HOLEID,TCU
10003386,0.631
10003387,1.244
10003388,0.717
10003389,0.696
10003390,0.573
10003391,0.906
10003392,0.905
10003393,0.664
10003394,1.021
10003395,0.703
10003396,0.949
10003397,1.028
10003398,0.815
10003399,1.113
10003400,1.486
10003401,1.377
10003402,1.524
10003403,1.583
10003404,1.558
10003405,1.364
10003406,0.928
10003407,1.024
10003528,0.836
10003529,0.741
10003530,0.604
10003531,0.623
10003532,1.203
10003533,0.956
10003540,0.758
10003541,0.804
10003542,0.811
10003543,0.573
10003544,0.756
10003545,1.197
10003546,0.335
10003547,0.123
10003548,0.292
10003549,0.703
10003550,0.845
10003551,1.015
10003534,1.033
10003535,0.979
10003536,0.769
10003537,0.708
10003538,0.829
10003539,1.163
10003552,1.116
10003553,1.044
10003554,1.283
10003555,1.025
10003556,1.074
10003557,1.433
10003558,1.032
10003559,0.649
10003560,0.566
10003561,0.391
10003562,0.16
10003563,0.106
10003564,0.177
10003565,0.131
10003566,0.236
10003567,0.305
10003568,0.748
10003569,1.16
10003570,1.558
10003571,0.973
10003572,1.041
10003573,1.279
10003574,1.2
10003575,1.256
10003576,1.53
10003577,1.237
10003578,1.319
10003579,0.763
10003580,0.75
10003581,0.307
10003582,0.124
10003583,0.182
10003584,0.561
10003585,0.256
10003586,0.287
10003587,0.327
10003588,0.314
10003589,0.394
10003590,0.489
10003591,0.618
10003592,1.452
10003593,1.137
10003594,1.336
10003595,1.295
10003596,1.121
10003597,0.834
10003598,0.77
10003438,0.904
10003439,1.098
10003440,0.953
10003441,1.229
10003444,0.352
10003445,0.341
10003447,0.291
10003448,0.309
10003449,0.354
10003450,0.293
10003453,0.238
10003454,0.172
10003455,0.133
10003456,0.264
10003459,0.316
10003460,0.247
10003461,0.245
10003462,0.235
10003463,0.274
10003464,0.19
10003465,0.199
10003466,0.289
10003467,0.266
10003468,0.247
10003469,0.279
10003472,0.224
10003473,0.151
10003474,0.187
10003475,0.285
10003484,0.208
10003485,0.205
10003486,0.181
10003487,0.168
10003436,0.879
10003437,1.022
10003442,0.951
10003443,0.842
10003451,0.455
10003452,0.898
10003457,0.28
10003458,0.422
10003470,0.291
10003471,0.333
10003476,0.28
10003477,0.334
10003478,0.208
10003479,0.265
10003480,0.35
10003481,0.292
10003482,0.23
10003483,0.204
10003488,0.16
10003489,0.139
10003490,0.194
10003491,0.236
10003492,0.245
10003493,0.265
10003494,0.285
10003495,0.249
10003496,0.361
10003497,0.266
10003498,0.338
10003499,0.37
10003500,0.349
10003501,0.225
10003502,0.34
17001987,0.0
17001988,0.0
17001989,0.0
17001048,0.499
17001049,0.865
17001050,0.225
17001051,0.157
17001052,0.228
17001053,2.583
17001069,0.297
17001070,0.17
17001071,0.429
17001072,0.284
17001073,0.181
17001074,0.224
17001075,0.076
17001076,0.074
17001077,0.232
17001078,0.231
17001079,0.11
17001080,0.131
17001081,0.132
17001082,0.15
17001083,0.275
17001084,0.155
17001085,0.627
17001086,0.282
17001087,0.233
17001088,0.305
17001089,0.28
17001090,0.246
17001091,0.196
17001092,0.217
17001093,0.18
17001094,0.249
17001095,0.169
17001096,0.187
17001097,0.13
17001098,0.104
17001099,0.142
17001100,0.124
17001101,0.131
17001102,0.107
17001103,0.097
17001104,0.175
17001105,0.131
17001011,0.913
17001027,0.96
17001028,0.084
17001029,0.752
17001030,0.444
17001031,0.138
17001046,0.931
17001047,1.895
17001054,0.692
17001000,1.19
17001001,0.608
17001002,0.908
17001003,0.479
17001004,0.339
17001006,0.443
17001007,3.119
17001008,0.824
17001009,1.314
17001010,1.702
17001012,1.368
17001013,1.338
17001014,1.924
17001015,1.529
17001016,1.029
17001017,0.616
17001018,0.733
17001023,0.956
17001024,0.739
17001025,2.251
17001026,0.313
17001032,0.585
17001033,0.682
17001034,0.13
17001035,0.069
17001039,1.934
17001040,1.569
17001041,1.123
17001042,1.041
17001043,1.657
17001044,1.781
17001045,2.149
17001055,0.367
17001056,0.698
17001057,0.811
17001058,0.439
17001059,0.736
17001060,0.466
17001061,0.38
17001062,0.383
17001063,0.438
17001064,0.382
17001065,0.164
17001066,0.443
17001067,0.17
17001068,0.11
17001005,0.465
17001019,1.014
17001020,2.94
17001021,1.645
17001022,0.452
17001036,0.11
17001037,0.769
17001038,1.506
17001215,0.392
17001216,0.302
17001217,0.245
17001218,0.503
17001219,0.312
17001220,0.298
17001221,0.218
17001222,0.244
17001223,0.383
17001224,0.377
17001225,0.321
17001226,0.303
17001227,0.292
17001228,0.27
17001229,0.611
17001230,0.277
17001231,0.187
17001232,0.256
17001233,0.311
17001234,0.242
17001235,0.337
17001236,0.252
17001237,0.24
17001238,0.208
17001239,0.151
17001240,0.334
17001241,0.273
17001242,0.263
17001243,0.273
17001244,0.226
17001131,0.564
17001132,0.58
17001133,0.504
17001134,0.376
17001135,0.52
17001136,0.443
17001137,0.327
17001138,0.471
17001139,0.572
17001140,0.446
17001141,0.461
17001142,0.42
17001143,0.395
17001144,0.316
17001145,0.481
17001146,0.471
17001147,0.222
17001148,0.336
17001149,0.362
17001150,0.414
17001151,0.506
17001152,0.473
17001153,0.496
17001154,0.295
17001155,0.461
17001156,0.4
17001157,0.398
17001158,0.361
17001159,0.462
17001160,0.423
17001161,0.479
17001162,0.608
17001163,0.571
17001164,0.361
17001165,0.413
17001166,0.388
17001167,0.372
17001168,0.465
17001169,0.429
17001170,0.366
17001171,0.373
17001172,0.313
17001173,0.416
17001174,0.381
17001175,0.301
17001176,0.44
17001177,0.453
17001178,0.422
17001179,0.367
17001180,0.366
17001181,0.426
17001182,0.319
17001183,0.363
17001184,0.909
17001185,3.06
17001186,0.741
17001187,0.702
17001188,0.489
17001189,0.314
17001190,0.381
17001191,0.34
17001192,0.311
17001193,0.335
17001194,0.353
17001195,0.329
17001196,0.364
17001197,0.293
17001198,0.395
17001199,0.374
17001200,0.328
17001201,0.288
17001202,0.748
17001203,1.693
17001204,2.719
17001205,0.394
17001206,0.387
17001207,0.805
17001208,0.331
17001209,0.362
17001210,0.308
17001211,0.244
17001212,0.241
17001213,0.352
17001214,0.309
17001285,0.462
17001286,0.347
17001287,0.269
17001288,0.298
17001289,0.462
17001290,0.315
17001291,0.385
17001292,0.359
17001293,0.322
17001294,0.413
17001313,0.32
17001314,0.31
17001315,0.288
17001316,0.325
17001317,0.381
17001318,0.422
17001319,0.407
17001320,0.31
17001321,0.264
17001322,0.226
17001323,0.28
17001324,0.265
17001343,0.261
17001344,0.187
17001345,0.247
17001346,0.303
17001347,0.299
17001284,0.357
17001295,0.294
17001296,0.33
17001311,0.318
17001312,0.284
17001325,0.196
17001326,0.215
17001341,0.243
17001342,0.22
17001348,0.404
17001349,0.242
17001350,0.26
17001351,0.222
17001352,0.361
17001353,0.249
17001354,0.217
17001369,0.245
17001370,0.231
17001371,0.22
17001372,0.34
17001373,0.276
17001374,0.252
17001375,0.317
17001270,0.276
17001271,0.307
17001272,0.212
17001273,0.217
17001274,0.197
17001275,0.28
17001276,0.123
17001277,0.148
17001278,0.252
17001279,0.296
17001280,0.255
17001281,0.289
17001282,0.305
17001283,0.262
17001297,0.387
17001298,0.312
17001299,0.315
17001300,0.248
17001301,0.269
17001302,0.246
17001303,0.19
17001304,0.174
17001305,0.225
17001306,0.249
17001307,0.279
17001308,0.361
17001309,0.26
17001310,0.297
17001327,0.226
17001328,0.19
17001329,0.287
17001330,0.23
17001331,0.239
17001332,0.225
17001333,0.258
17001334,0.195
17001335,0.18
17001336,0.2
17001337,0.22
17001338,0.255
17001339,0.22
17001340,0.156
17001355,0.224
17001356,0.163
17001357,0.212
17001358,0.2
17001359,0.236
17001360,0.272
17001361,0.175
17001362,0.202
17001363,0.256
17001364,0.184
17001365,0.281
17001366,0.194
17001367,0.202
17001368,0.168
17001452,0.0
17001453,0.0
17001454,0.0
17001455,0.0
17001456,0.0
17001457,0.0
17001458,0.0
17001459,0.0
17001460,0.0
17001461,0.0
17001462,0.0
17001484,0.0
17001401,0.304
17001402,0.26
17001403,0.306
17001404,0.193
17001405,0.224
17001406,0.211
17001407,0.225
17001408,0.12
17001409,0.174
17001410,0.175
17001419,0.164
17001420,0.145
17001421,0.126
17001422,0.142
17001423,0.248
17001424,0.203
17001425,0.178
17001426,0.282
17001427,0.314
17001428,0.24
17001429,0.334
17001430,0.352
17001431,0.365
17001432,0.365
17001433,0.375
17001434,0.416
17001435,0.194
17001436,0.242
17001437,0.188
17001449,0.313
17001450,0.199
17001451,0.201
17001463,0.286
17001464,0.183
17001477,0.254
17001478,0.196
17001479,0.186
17001480,0.206
17001481,0.331
17001482,0.269
17001483,0.458
17001485,0.495
17001486,0.331
17001487,0.282
17001488,0.16
17001489,0.243
17001490,0.266
17001491,0.178
17001492,0.21
17001411,0.188
17001412,0.186
17001413,0.168
17001416,0.165
17001417,0.224
17001418,0.156
17001438,0.21
17001439,0.172
17001440,0.203
17001441,0.21
17001445,0.172
17001446,0.194
17001447,0.167
17001448,0.232
17001465,0.159
17001466,0.161
17001467,0.243
17001468,0.244
17001475,0.2
17001476,0.159
17001414,0.184
17001415,0.138
17001442,0.135
17001443,0.147
17001444,0.17
17001469,0.182
17001470,0.142
17001471,0.133
17001472,0.155
17001473,0.209
17001474,0.196
17001493,0.162
17001494,0.151
17001495,0.16
17001496,0.165
17001497,0.118
17001498,0.126
17001525,0.102
17001526,0.134
17001527,0.145
17001528,0.159
17001529,0.166
17001530,0.29
17001531,0.136
17001532,0.178
17001533,0.21
17001534,0.115
17001535,0.174
17001536,0.121
17001537,0.168
17001538,0.122
17001553,0.128
17001554,0.129
17001555,0.128
17001556,0.118
17001557,0.129
17001558,0.163
17001559,0.216
17001560,0.176
17001561,0.201
17001562,0.151
17001563,0.171
17001564,0.196
17001565,0.17
17001566,0.123
17001567,0.133
17001568,0.118
17001569,0.108
17001570,0.11
17001585,0.118
17001586,0.131
17001587,0.152
17001588,0.156
17001589,0.166
17001590,0.121
17001591,0.158
17001592,0.206
17001593,0.213
17001595,0.185
17001596,0.174
17001597,0.16
17001598,0.177
17001599,0.161
17001600,0.152
17001601,0.136
17001602,0.11
17001617,0.144
17001618,0.159
17001619,0.128
17001620,0.174
17001621,0.153
17001622,0.179
17001623,0.206
17001628,0.198
17001629,0.175
17001630,0.135
17001631,0.137
17001632,0.131
17001633,0.19
17001539,0.098
17001540,0.094
17001541,0.11
17001542,0.108
17001549,0.109
17001550,0.073
17001551,0.079
17001552,0.119
17001571,0.11
17001572,0.085
17001573,0.101
17001574,0.12
17001581,0.117
17001582,0.094
17001583,0.096
17001584,0.133
17001594,0.199
17001603,0.155
17001604,0.143
17001605,0.084
17001606,0.104
17001613,0.125
17001614,0.102
17001615,0.151
17001616,0.134
17001624,0.162
17001625,0.157
17001626,0.216
17001627,0.207
17001634,0.146
17001635,0.134
17001636,0.115
17001666,0.14
17001667,0.221
17001668,0.181
17001669,0.183
17001670,0.184
17001671,0.144
17001672,0.213
17001673,0.178
17001674,0.164
17001690,0.193
17001691,0.127
17001696,0.232
17001697,0.189
17001698,0.148
17001699,0.167
17001704,0.138
17001543,0.0
17001544,0.0
17001547,0.0
17001548,0.0
17001575,0.0
17001576,0.0
17001580,0.0
17001607,0.0
17001612,0.0
17001637,0.0
17001638,0.0
17001675,0.0
17001676,0.0
17001677,0.0
17001678,0.0
17001685,0.0
17001686,0.0
17001687,0.0
17001688,0.0
17001689,0.0
17001692,0.0
17001693,0.0
17001694,0.0
17001695,0.0
17001700,0.0
17001701,0.0
17001702,0.0
17001703,0.0
17001705,0.0
17001706,0.0
17001707,0.0
17001708,0.0
17001709,0.0
17001710,0.0
17001545,0.123
17001546,0.084
17001577,0.115
17001578,0.146
17001579,0.091
17001608,0.126
17001609,0.101
17001610,0.11
17001611,0.122
17001639,0.116
17001640,0.071
17001679,0.098
17001680,0.204
17001683,0.117
17001684,0.193
17001711,0.202
17001712,0.138
17001715,0.21
17001716,0.172
17001717,0.154
17001718,0.218
17001719,0.146
17001720,0.184
17001721,0.149
17001722,0.099
17001723,0.18
17001724,0.177
17001725,0.18
17001726,0.216
17001727,0.212
17001728,0.22
17001729,0.109
17001730,0.204
17001731,0.172
17001732,0.159
17001733,0.17
17001734,0.187
17001735,0.123
17001736,0.143
17001737,0.2
17001738,0.169
17001739,0.155
17001740,0.122
17001741,0.12
17001742,0.162
17001743,0.146
17001744,0.144
17001745,0.165
17001746,0.113
17001747,0.165
17001748,0.175
17001749,0.235
17001750,0.202
17001751,0.196
17001752,0.145
17001753,0.175
17001754,0.202
17001755,0.367
17001756,0.2
17001757,0.235
17001758,0.185
17001759,0.181
17001760,0.231
17001761,0.263
17001762,0.186
17001763,0.238
17001764,0.18
17001765,0.177
17001766,0.188
17001767,0.197
17001768,0.137
17001769,0.155
17001770,0.188
17001771,0.215
17001772,0.178
17001773,0.181
17001774,0.2
17001775,0.162
17001681,0.138
17001682,0.154
17001713,0.145
17001714,0.111
17001940,1.418
17001941,0.752
17001942,0.55
17001943,0.644
17001944,0.437
17001945,0.163
17001946,0.116
17001951,0.083
17001952,0.107
17001953,0.457
17001954,1.068
17001955,0.72
17001956,1.318
17001957,1.709
17001958,2.839
17001959,0.785
17001960,0.21
17001961,0.391
17001962,0.278
17001963,0.72
17001964,0.736
17001965,2.015
17001966,1.682
17001967,0.733
17001968,0.704
17001969,0.364
17001970,0.147
17001971,0.07
17001972,0.065
17001984,0.59
17001985,0.629
17001986,0.651
17001987,0.172
17001947,0.102
17001948,0.051
17001949,0.089
17001950,0.067
17001973,0.051
17001974,0.093
17001975,0.082
17001976,0.065
17001977,0.048
17001978,0.097
17001979,0.112
17001980,0.127
17001981,0.215
17001982,0.358
17001983,1.508
17001988,0.0
17001989,0.0
17001990,0.0
17001991,0.0
17001992,0.0
17001993,0.0
17001994,0.0
17001995,0.0
17001996,0.0
17001997,0.0
17001998,0.0
17001999,0.0
17002000,0.0
17002001,0.0
17002002,0.0
17002003,0.0
17002004,0.0
17002005,0.0
17002006,0.0
17002007,0.0
17002008,0.0
17002009,0.0
17002010,0.0
17002011,0.0
17002012,0.0
17002013,0.0
17002014,0.0
17002015,0.0
17002016,0.0
17002017,0.0
17002018,0.0
17002019,0.0
17002020,0.0
17002021,0.0
17002022,0.0
17002023,0.0
17002024,0.0
17002025,0.0
17501954,0.185
17501955,0.267
17501956,0.308
17501957,1.161
17501958,0.409
17501959,0.456
17501960,0.258
17501961,0.718
17501962,0.204
17501975,0.147
17501976,0.111
17501977,0.337
17501978,0.299
17501979,0.421
17501980,0.618
17501981,0.19
17501982,0.116
17501987,0.37
17501988,0.41
17501989,0.377
17501983,0.351
17501984,0.367
17501985,0.541
17501986,0.204
17502021,0.303
17502022,0.219
17502023,0.058
17502024,0.189
17502025,0.177
17502026,0.243
17502027,0.184
17502028,0.168
17502029,0.248
17502030,0.192
17502031,0.195
17502032,0.198
17502033,0.155
17502034,0.181
17502035,0.12
17502036,0.136
17502037,0.051
17502038,0.14
17502048,0.197
17502049,0.237
17502050,0.189
17502051,0.144
17502052,0.181
17502053,0.246
17502054,0.271
17502055,0.233
17502056,0.211
17502047,0.183
17502057,0.193
17502058,0.191
17502059,0.183
17502060,0.385
17502061,0.166
17502062,0.157
17502063,0.18
17502064,0.164
17502065,0.159
17502066,0.165
17502067,0.194
17502083,0.168
17502084,0.154
17502085,0.16
17502086,0.157
17502087,0.344
17502039,0.157
17502040,0.099
17502041,0.138
17502042,0.133
17502043,0.153
17502044,0.191
17502045,0.162
17502046,0.164
17502068,0.168
17502069,0.146
17502070,0.199
17502071,0.142
17502072,0.11
17502073,0.126
17502074,0.086
17502075,0.122
17502076,0.101
17502077,0.109
17502078,0.167
17502079,0.128
17502080,0.102
17502081,0.174
17502082,0.154
17502088,0.209
17502089,0.187
17502090,0.189
17502091,0.203
17502092,0.239
17502093,0.21
17502094,0.217
17506803,0.169
17506804,0.302
17506805,0.23
17506806,0.223
17506807,0.256
17506808,0.178
17506809,0.179
17506810,0.184
17506811,0.2
17506812,0.214
17506813,0.207
17506814,0.225
17506815,0.165
17506816,0.106
17506817,0.182
17506818,0.185
17506819,0.22
17506820,0.161
17506821,0.308
17506822,0.273
17506823,0.196
17506824,0.185
17506825,0.211
17506826,0.168
17506833,0.137
17506834,0.138
17506835,0.153
17506836,0.201
17506837,0.137
17506838,0.127
17506839,0.175
17506840,0.159
17506841,0.218
17506855,0.144
17506856,0.105
17506857,0.1
17506858,0.221
17506859,0.114
17506860,0.136
17506861,0.182
17506862,0.11
17502130,0.194
17502131,0.131
17502132,0.05
17502133,0.21
17502134,0.22
17502135,0.216
17502136,0.253
17502137,0.085
17502138,0.14
17502139,0.118
17502150,0.093
17502151,0.148
17502152,0.139
17502153,0.233
17502154,0.221
17502155,0.162
17502156,0.2
17502157,0.035
17502158,0.039
17502159,0.044
17502172,0.069
17502173,0.056
17502174,0.03
17502175,0.063
17502176,0.064
17502177,0.043
17502178,0.033
17502179,0.099
17502180,0.082
17502181,0.129
17502194,0.12
17502195,0.071
17506827,0.172
17506828,0.26
17506829,0.304
17506830,0.228
17506831,0.208
17506832,0.291
17506842,0.139
17506851,0.125
17506852,0.159
17506853,0.218
17506854,0.12
17506863,0.148
17506864,0.153
17506865,0.1
17506866,0.139
17502147,0.116
17502148,0.19
17502160,0.048
17502161,0.047
17502162,0.142
17502163,0.148
17502164,0.17
17502165,0.144
17502166,0.124
17502167,0.141
17502168,0.156
17502169,0.058
17502170,0.039
17502171,0.065
17502182,0.113
17502183,0.07
17502184,0.035
17502185,0.052
17502186,0.141
17502187,0.083
17502188,0.139
17502189,0.096
17502190,0.051
17502191,0.038
17502192,0.103
17502193,0.131
17502204,0.096
17502205,0.117
17502206,0.107
17502207,0.056
17502208,0.053
17502209,0.166
17502210,0.055
17502211,0.048
17502212,0.109
17502213,0.077
17502214,0.092
17502215,0.161
17502121,0.199
17502122,0.208
17502123,0.204
17502125,0.192
17502126,0.193
17502127,0.158
17502128,0.211
17502129,0.415
17502140,0.32
17502141,0.085
17502142,0.227
17502143,0.25
17502144,0.13
17502145,0.119
17502146,0.174
17502149,0.146
17502196,0.098
17502197,0.096
17502198,0.147
17502199,0.206
17502200,0.139
17502201,0.124
17502202,0.133
17502203,0.185
17502216,0.107
17502217,0.149
17502218,0.165
17502219,0.169
17502220,0.137
17502253,0.259
17502254,0.189
17502255,0.252
17502256,0.181
17502263,0.127
17502264,0.211
17502265,0.292
17502266,0.186
17502267,0.191
17502274,0.244
17502275,0.211
17502276,0.233
17502277,0.27
17502278,0.308
17502295,0.292
17502296,0.204
17502297,0.17
17502298,0.201
17502299,0.149
17502306,0.214
17502307,0.241
17502308,0.339
17502309,0.224
17502310,0.225
17502326,0.264
17502327,0.261
17502328,0.15
17502329,0.206
17502330,0.198
17502337,0.193
17502338,0.227
17502339,0.263
17502340,0.225
17502341,0.302
17502248,0.282
17502249,0.255
17502250,0.249
17502251,0.172
17502252,0.152
17502259,0.313
17502260,0.316
17502261,0.274
17502262,0.206
17502268,0.175
17502269,0.167
17502270,0.158
17502271,0.103
17502272,0.09
17502273,0.105
17502279,0.123
17502280,0.289
17502281,0.25
17502282,0.289
17502283,0.295
17502284,0.313
17502287,0.362
17502288,0.318
17502289,0.351
17502290,0.415
17502291,0.286
17502292,0.29
17502293,0.08
17502294,0.295
17502300,0.16
17502301,0.136
17502302,0.119
17502303,0.123
17502304,0.131
17502305,0.153
17502311,0.272
17502312,0.305
17502313,0.068
17502314,0.306
17502315,0.323
17502316,0.267
17502317,0.192
17502318,0.115
17502319,0.118
17502320,0.1
17502321,0.234
17502322,0.1
17502323,0.311
17502324,0.293
17502325,0.282
17502331,0.183
17502332,0.159
17502333,0.169
17502334,0.299
17502335,0.168
17502336,0.19
17502342,0.39
17502343,0.249
17502344,0.342
17502345,0.282
17502346,0.207
17502347,0.144
17502348,0.131
17503238,0.0
17503223,0.0
17503224,0.0
17503225,0.0
17503226,0.0
17503227,0.0
17503230,0.0
17506892,0.217
17506893,0.183
17506894,0.114
17506895,0.145
17506896,0.128
17506897,0.124
17506898,0.129
17506903,0.128
17506904,0.214
17506905,0.112
17506906,0.121
17506907,0.266
17506908,0.205
17506909,0.281
17506910,0.216
17506914,0.143
17506915,0.211
17506916,0.245
17506927,0.148
17506928,0.26
17506929,0.271
17506937,0.224
17506938,0.232
17506899,0.132
17506900,0.097
17506901,0.172
17506902,0.133
17506913,0.419
17506917,0.211
17506918,0.273
17506919,0.186
17506920,0.152
17506921,0.139
17506922,0.153
17506923,0.148
17506924,0.17
17506925,0.161
17506926,0.133
17506930,0.556
17506935,0.174
17506936,0.214
17506939,0.237
17506940,0.149
17506941,0.164
17506942,0.12
17506943,0.108
17506950,0.155
17506951,0.155
17506952,0.245
17506957,0.224
17506958,0.224
17506959,0.162
17502413,0.031
17502414,0.029
17502415,0.027
17502416,0.024
17502417,0.039
17502418,0.019
17502419,0.066
17502420,0.022
17502421,0.034
17502422,0.052
17502423,0.049
17502424,0.068
17502425,0.093
17502426,0.066
17502434,0.06
17502435,0.077
17502436,0.081
17502437,0.073
17502438,0.054
17502439,0.035
17502440,0.032
17502441,0.059
17502442,0.014
17502443,0.019
17502444,0.021
17502445,0.03
17502446,0.027
17502447,0.026
17502448,0.032
17502449,0.035
17502450,0.03
17502451,0.03
17502452,0.027
17502453,0.03
17502454,0.045
17502455,0.055
17502456,0.073
17502457,0.061
17502458,0.036
17502459,0.064
17502460,0.013
17502467,0.048
17502468,0.057
17502469,0.053
17502470,0.056
17502471,0.075
17502472,0.05
17502473,0.048
17502474,0.039
17502475,0.022
17502476,0.038
17502477,0.033
17502478,0.028
17506944,0.134
17506945,0.139
17506946,0.16
17506947,0.168
17506948,0.155
17506949,0.162
17506953,0.294
17506954,0.23
17506955,0.159
17506956,0.138
17506960,0.161
17506961,0.206
17506962,0.18
17506963,0.143
17506964,0.151
17506965,0.137
17506966,0.161
17506967,0.142
17506968,0.192
17506969,0.176
17506970,0.139
17506971,0.2
17506972,0.176
17506973,0.163
17506974,0.166
17506975,0.144
17506976,0.217
17506977,0.203
17506978,0.166
17506979,0.129
17506980,0.146
17506981,0.166
17506982,0.203
17506983,0.218
17506984,0.156
17506985,0.221
17506986,0.134
17506987,0.15
17506988,0.139
17506989,0.179
17506990,0.166
17506991,0.131
17506992,0.162
17506993,0.173
17506994,0.216
17506995,0.145
17506996,0.143
17506997,0.106
17506998,0.116
17502374,0.031
17502375,0.026
17502376,0.028
17502377,0.023
17502378,0.024
17502379,0.019
17502380,0.017
17502381,0.027
17502382,0.014
17502385,0.04
17502386,0.036
17502387,0.064
17502388,0.061
17502389,0.049
17502390,0.035
17502391,0.029
17502392,0.03
17502393,0.032
17502394,0.084
17502395,0.029
17502396,0.026
17502397,0.092
17502398,0.048
17502399,0.047
17502400,0.036
17502401,0.045
17502402,0.037
17502403,0.018
17502404,0.016
17502405,0.017
17502406,0.029
17502407,0.028
17502408,0.029
17502409,0.024
17502410,0.029
17502411,0.023
17502412,0.028
17502428,0.059
17502429,0.039
17502430,0.042
17502431,0.041
17502432,0.036
17502433,0.054
17502461,0.056
17502462,0.078
17502463,0.062
17502464,0.043
17502465,0.042
17502466,0.05
17507024,0.13
17507025,0.155
17507026,0.123
17507027,0.153
17507028,0.21
17507029,0.198
17507030,0.214
17507031,0.162
17507032,0.128
17507033,0.156
17507034,0.117
17507035,0.139
17507036,0.16
17507037,0.128
17507038,0.133
17507039,0.138
17507040,0.118
17507041,0.153
17507042,0.226
17507044,0.14
17507045,0.162
17507046,0.194
17507047,0.189
17507049,0.204
17507050,0.131
17507051,0.151
17507052,0.165
17507053,0.161
17507054,0.153
17507055,0.153
17507056,0.143
17507057,0.116
17507058,0.136
17507059,0.153
17507060,0.155
17507061,0.123
17507062,0.174
17507063,0.215
17507064,0.22
17507066,0.185
17507067,0.224
17507068,0.161
17507069,0.247
17507071,0.171
17507072,0.133
17507073,0.177
17507074,0.21
17507075,0.234
17507076,0.191
17507077,0.133
17507078,0.146
17507043,0.159
17507048,0.191
17507065,0.285
17507070,0.23
17507079,0.182
17507080,0.212
17507081,0.148
17507082,0.166
17507083,0.169
17507084,0.181
17507085,0.146
17507086,0.153
17507087,0.161
17507088,0.355
17507089,0.175
17507090,0.179
17507091,0.309
17507092,0.146
17507093,0.159
17507094,0.101
17507095,0.162
17507096,0.173
17507097,0.121
17507098,0.156
17507099,0.133
17507100,0.177
17507126,0.202
17507127,0.279
17507128,0.251
17507129,0.161
17507130,0.137
17507131,0.142
17507132,0.147
17507133,0.251
17507134,0.183
17507135,0.177
17507136,0.153
17507137,0.154
17507138,0.191
17507139,0.157
17507140,0.17
17507141,0.117
17507142,0.204
17507143,0.163
17507144,0.22
17507145,0.149
17507146,0.155
17507147,0.2
17507148,0.161
17507149,0.211
17507150,0.195
17507151,0.147
17507152,0.132
17507153,0.206
17507154,0.187
17507155,0.197
17507156,0.215
17507157,0.171
17507158,0.185
17507159,0.17
17507160,0.171
17507161,0.122
17507190,0.108
17507191,0.173
17507192,0.152
17507193,0.145
17507199,0.309
17507200,0.21
17507208,0.124
17507209,0.159
17507210,0.123
17507211,0.139
17507212,0.173
17507222,0.16
17507223,0.234
17507187,0.109
17507188,0.101
17507189,0.133
17507194,0.113
17507195,0.104
17507196,0.115
17507197,0.117
17507198,0.226
17507201,0.159
17507202,0.136
17507203,0.172
17507204,0.11
17507205,0.139
17507206,0.191
17507207,0.115
17507213,0.13
17507214,0.141
17507215,0.187
17507216,0.112
17507217,0.096
17507218,0.225
17507219,0.144
17507220,0.159
17507221,0.201
17507376,0.175
17507377,0.15
17507378,0.221
17507379,0.192
17507380,0.269
17507381,0.162
17507382,0.169
17507383,0.246
17507390,0.2
17507391,0.187
17507392,0.2
17507393,0.232
17507394,0.2
17507399,0.283
17507249,0.087
17507250,0.129
17507253,0.107
17507254,0.222
17507255,0.211
17507256,0.159
17507259,0.167
17507260,0.136
17507266,0.1
17507270,0.136
17507271,0.157
17507286,0.124
17507287,0.174
17507251,0.118
17507252,0.101
17507257,0.141
17507258,0.107
17507261,0.139
17507262,0.093
17507263,0.073
17507264,0.071
17507265,0.096
17507267,0.102
17507268,0.129
17507269,0.132
17507272,0.115
17507273,0.1
17507274,0.11
17507275,0.089
17507276,0.074
17507277,0.102
17507278,0.112
17507279,0.082
17507280,0.114
17507302,0.161
17507303,0.166
17507318,0.142
17507319,0.115
17507384,0.161
17507385,0.222
17507386,0.167
17507387,0.169
17507388,0.169
17507389,0.163
17507395,0.194
17507396,0.206
17507397,0.248
17507398,0.217
17507400,0.19
17507401,0.154
17507402,0.246
17507403,0.195
17507404,0.165
17507405,0.184
17507406,0.237
17507407,0.135
17507408,0.184
17507409,0.294
17507410,0.176
17507411,0.315
17507412,0.171
17507413,0.189
17507414,0.166
17507415,0.156
17507416,0.237
17507417,0.132
17507418,0.158
17507419,0.134
17507420,0.108
17507421,0.226
17507422,0.15
17507423,0.144
17507424,0.132
17507425,0.167
17507426,0.24
17507427,0.2
17507428,0.205
17507429,0.165
17507430,0.238
17507431,0.208
17507432,0.243
17507281,0.129
17507282,0.122
17507283,0.155
17507284,0.158
17507285,0.141
17507288,0.158
17507289,0.149
17507290,0.155
17507291,0.147
17507292,0.085
17507298,0.114
17507299,0.16
17507300,0.166
17507301,0.13
17507304,0.103
17507305,0.133
17507306,0.111
17507307,0.13
17507315,0.146
17507316,0.156
17507317,0.172
17507320,0.13
17507321,0.148
17507322,0.178
17507433,0.164
17507434,0.252
17507435,0.307
17507436,0.206
17507437,0.12
17507438,0.14
17507439,0.148
17507440,0.175
17507441,0.312
17507442,0.163
17507443,0.105
17507444,0.17
17507445,0.176
17507446,0.151
17507447,0.167
17507448,0.165
17507449,0.219
17507450,0.153
17507451,0.223
17507452,0.128
17507453,0.114
17507454,0.132
17507455,0.178
17507456,0.182
17507457,0.158
17507458,0.111
17507459,0.119
17507460,0.173
17507461,0.164
17507462,0.193
17507463,0.161
17507293,0.113
17507294,0.129
17507295,0.154
17507296,0.127
17507297,0.129
17507308,0.141
17507309,0.118
17507310,0.118
17507311,0.12
17507312,0.141
17507313,0.169
17507314,0.144
17507323,0.212
17507324,0.162
17507325,0.166
17507326,0.254
17507327,0.164
17507328,0.158
17507329,0.131
17507330,0.166
17507331,0.147
17507332,0.182
17507333,0.153
17507334,0.164
17507335,0.112
17507336,0.137
17507337,0.218
17507338,0.138
17507339,0.125
17507340,0.132
17507341,0.168
17507342,0.208
17507343,0.211
17507344,0.226
17507345,0.15
17507346,0.127
17507347,0.129
17507348,0.132
17507349,0.141
17507350,0.119
17507489,0.217
17507490,0.134
17507491,0.144
17507492,0.141
17507493,0.209
17507494,0.13
17507495,0.159
17507496,0.201
17507497,0.155
17507505,0.179
17507506,0.124
17507507,0.124
17507508,0.173
17507535,0.164
17507498,0.165
17507499,0.226
17507500,0.197
17507501,0.147
17507502,0.166
17507503,0.179
17507504,0.138
17507509,0.134
17507510,0.16
17507511,0.153
17507512,0.19
17507513,0.199
17507514,0.165
17507515,0.163
17507516,0.171
17507517,0.182
17507518,0.182
17507519,0.152
17507520,0.14
17507521,0.148
17507522,0.155
17507523,0.164
17507524,0.153
17507525,0.177
17507526,0.216
17507527,0.208
17507528,0.183
17507529,0.146
17507530,0.193
17507531,0.125
17507532,0.132
17507533,0.167
17507534,0.168
17507536,0.26
17507537,0.186
17507538,0.152
17507539,0.198
17507540,0.107
17507541,0.234
17507542,0.159
17507543,0.161
17507544,0.262
17507545,0.168
17507546,0.182
17507547,0.233
17507548,0.2
17507549,0.145
17507550,0.165
17507551,0.166
17507577,0.107
17507578,0.092
17507579,0.083
17507580,0.098
17507581,0.114
17507582,0.084
17507583,0.107
17507588,0.104
17507589,0.098
17507590,0.101
17507591,0.112
17507592,0.097
17507593,0.088
17507594,0.09
17507595,0.117
17507596,0.092
17507597,0.101
17507598,0.11
17507599,0.077
17507610,0.1
17507611,0.102
17507612,0.097
17507613,0.1
17507614,0.087
17507615,0.092
17507616,0.081
17507617,0.104
17507618,0.14
17507619,0.137
17507620,0.132
17507621,0.114
17507632,0.138
17507633,0.131
17507634,0.115
17507635,0.124
17507636,0.115
17507637,0.102
17507638,0.104
17507639,0.113
17507640,0.118
17507641,0.107
17507642,0.137
17507643,0.126
17507655,0.124
17507656,0.168
17507657,0.096
17507658,0.131
17507659,0.118
17507584,0.103
17507585,0.102
17507586,0.099
17507587,0.087
17507600,0.104
17507601,0.12
17507608,0.123
17507609,0.112
17507622,0.101
17507631,0.118
17507644,0.113
17507653,0.12
17507654,0.127
17507660,0.155
17507661,0.117
17507662,0.109
17507663,0.161
17507664,0.102
17507665,0.11
17507666,0.113
17507602,0.117
17507603,0.101
17507604,0.096
17507605,0.09
17507606,0.097
17507607,0.094
17507623,0.118
17507624,0.102
17507625,0.125
17507626,0.102
17507627,0.107
17507628,0.1
17507629,0.098
17507630,0.095
17507645,0.107
17507646,0.118
17507647,0.117
17507648,0.105
17507649,0.136
17507650,0.1
17507651,0.111
17507652,0.107
17507667,0.12
17507668,0.17
17507669,0.153
17507670,0.137
17507696,0.145
17507697,0.142
17507698,0.204
17507699,0.181
17507700,0.163
17507701,0.255
17507702,0.221
17507703,0.149
17507704,0.158
17507705,0.156
17507706,0.217
17507707,0.212
17507708,0.284
17507709,0.211
17507710,0.223
17507711,0.134
17507712,0.177
17507713,0.113
17507714,0.179
17507715,0.144
17507716,0.111
17507717,0.141
17507718,0.178
17507719,0.162
17507720,0.246
17507721,0.177
17507722,0.195
17507723,0.167
17507724,0.155
17507725,0.112
17507726,0.191
17507727,0.212
17507728,0.157
17507753,0.125
17507754,0.129
17507755,0.159
17507756,0.163
17507757,0.138
17507758,0.163
17507759,0.126
17507760,0.144
17507761,0.162
17507729,0.18
17507730,0.176
17507731,0.13
17507732,0.136
17507733,0.151
17507734,0.129
17507735,0.147
17507736,0.203
17507737,0.19
17507738,0.155
17507739,0.189
17507740,0.201
17507741,0.171
17507742,0.199
17507743,0.164
17507744,0.193
17507745,0.174
17507746,0.143
17507747,0.081
17507748,0.104
17507749,0.111
17507750,0.097
17507751,0.089
17507752,0.131
17507762,0.115
17507763,0.137
17507764,0.111
17507765,0.105
17507766,0.109
17507767,0.118
17507768,0.12
17507769,0.116
17507770,0.14
17507771,0.126
17507772,0.113
17507773,0.108
17507774,0.152
17507775,0.122
17507776,0.146
17507777,0.138
17507778,0.136
17507779,0.152
17507780,0.187
17507781,0.152
17507782,0.141
17507783,0.153
17507855,0.185
17507856,0.12
17507809,0.213
17507810,0.144
17507811,0.172
17507812,0.147
17507813,0.133
17507814,0.146
17507815,0.106
17507816,0.132
17507817,0.107
17507818,0.189
17507819,0.132
17507820,0.188
17507821,0.122
17507822,0.102
17507823,0.133
17507824,0.178
17507825,0.149
17507826,0.154
17507827,0.209
17507828,0.164
17507829,0.145
17507830,0.141
17507831,0.142
17507832,0.153
17507833,0.103
17507834,0.109
17507835,0.141
17507836,0.113
17507837,0.117
17507838,0.152
17507839,0.132
17507840,0.123
17507841,0.121
17507842,0.142
17507843,0.124
17507844,0.137
17507845,0.141
17507846,0.146
17507847,0.145
17507848,0.142
17507849,0.129
17507850,0.136
17507851,0.136
17507852,0.125
17507853,0.127
17507854,0.149
17507891,0.109
17507892,0.141
17507893,0.197
17507894,0.104
17507895,0.114
17507917,0.128
17507979,0.169
17507980,0.11
17507981,0.152
17507982,0.128
17507983,0.107
17507984,0.107
17507985,0.133
17507986,0.186
17507987,0.156
17507988,0.106
17507989,0.115
17507990,0.108
17507991,0.137
17507992,0.132
17507993,0.259
17507994,0.192
17508004,0.108
17508005,0.119
17508006,0.148
17508007,0.137
17508008,0.112
17508009,0.129
17507977,0.189
17507978,0.15
17507995,0.124
17507996,0.15
17507997,0.162
17508001,0.128
17508002,0.109
17508003,0.14
17508010,0.114
17508011,0.102
17508012,0.093
17508013,0.139
17508014,0.137
17508015,0.378
17508016,0.23
17508017,0.106
17508018,0.103
17508042,0.115
17508043,0.115
17507998,0.0
17507999,0.0
17508000,0.0
17508019,0.0
17508020,0.0
17508021,0.0
17508022,0.0
17508023,0.0
17508024,0.0
17508025,0.0
17508026,0.0
17508027,0.0
17508028,0.0
17508029,0.0
17508030,0.0
17508031,0.0
17508032,0.0
17508033,0.0
17508034,0.0
17508035,0.0
17508036,0.0
17508037,0.0
17508038,0.0
17508039,0.0
17508040,0.0
17508041,0.0
17508069,0.0
17508070,0.0
17508079,0.0
17508080,0.0
17508081,0.0
17508082,0.0
17508083,0.0
17508084,0.0
17507882,0.077
17507883,0.1
17507884,0.083
17507885,0.086
17507886,0.071
17507887,0.064
17507888,0.082
17507889,0.116
17507890,0.104
17507896,0.094
17507897,0.118
17507898,0.086
17507899,0.075
17507900,0.078
17507901,0.096
17507902,0.085
17507903,0.092
17507904,0.088
17507905,0.077
17507906,0.092
17507907,0.147
17507908,0.093
17507909,0.086
17507910,0.078
17507911,0.086
17507912,0.076
17507913,0.098
17507914,0.097
17507915,0.191
17507916,0.126
17507918,0.14
17507919,0.103
17507920,0.137
17507921,0.105
17507922,0.097
17507923,0.091
17507924,0.068
17507925,0.094
17507926,0.077
17507927,0.096
17507928,0.106
17507929,0.078
17507930,0.106
17507931,0.091
17507932,0.093
17507933,0.145
17507934,0.158
17507935,0.13
17507936,0.113
17507937,0.107
17507938,0.109
17507939,0.106
17507940,0.106
17507941,0.145
17507942,0.095
17507943,0.083
17507944,0.101
17507945,0.092
17507946,0.098
17507947,0.088
17507948,0.071
17507949,0.086
17507950,0.13
17507951,0.103
17507952,0.0
17507953,0.0
17508078,0.0
17508085,0.0
17508086,0.0
17508087,0.0
17508108,0.0
17508109,0.0
17508110,0.0
17508111,0.0
17508112,0.0
17508113,0.0
17508071,0.0
17508077,0.0
17508088,0.0
17508099,0.0
17508100,0.0
17508101,0.0
17508102,0.0
17508103,0.0
17508104,0.0
17508105,0.0
17508106,0.0
17508107,0.0
17508114,0.0
17508115,0.0
17508116,0.0
17508117,0.0
17508118,0.0
17508119,0.0
17508120,0.0
17508121,0.0
17508122,0.0
17508123,0.0
17508124,0.0
17508125,0.0
17508126,0.0
17508127,0.0
17508128,0.0
17508072,0.171
17508073,0.173
17508074,0.113
17508075,0.103
17508076,0.097
17508089,0.112
17508090,0.137
17508091,0.135
17508092,0.134
17508129,0.09
17508130,0.138
17508131,0.114
17508132,0.081
17508093,0.128
17508094,0.122
17508095,0.136
17508096,0.133
17508097,0.153
17508098,0.139
17508133,0.099
17508134,0.13
17508135,0.132
17508136,0.093
17508137,0.149
18002527,0.034
18002528,0.043
18002529,0.08
18002530,0.05
18002531,0.16
18002532,0.058
18002533,0.072
18002534,0.075
18002535,0.036
18002536,0.039
18002537,0.046
18002538,0.051
18002539,0.07
18002540,0.056
18002541,0.029
18002542,0.049
18002543,0.053
18002544,0.056
18002545,0.036
18002546,0.089
18002547,0.037
18002548,0.04
18002549,0.044
18002550,0.05
18002551,0.009
18002552,0.019
18002553,0.031
18002554,0.013
18002555,0.018
18002563,0.013
18002564,0.012
18002568,0.013
18002569,0.017
18002570,0.017
18002571,0.016
18002572,0.035
18002573,0.014
18002574,0.036
18002575,0.032
18002576,0.021
18002577,0.035
18002578,0.048
18002579,0.056
18002580,0.049
18002581,0.029
18002582,0.067
18002583,0.029
18002584,0.045
18002585,0.023
18002586,0.023
18002587,0.013
18002588,0.022
18002589,0.031
18002590,0.035
18002591,0.054
18002592,0.015
18002593,0.052
18002594,0.03
18002595,0.048
18002596,0.036
18002597,0.043
18002598,0.048
18002599,0.058
18002600,0.013
18002601,0.013
18002602,0.031
18002607,0.012
18002608,0.014
18002609,0.014
18002610,0.014
18002613,0.014
18002614,0.013
18002615,0.053
18002616,0.022
18002617,0.064
18002618,0.008
18002619,0.01
18002620,0.011
18002621,0.016
18002622,0.016
18002623,0.01
18002624,0.018
18002625,0.014
18002626,0.017
18002627,0.022
18002628,0.009
18002629,0.02
18002630,0.03
18002631,0.04
18002632,0.043
18002633,0.053
18002634,0.034
18002635,0.021
18002636,0.023
18002637,0.006
18002638,0.011
18002556,0.0
18002557,0.0
18002558,0.0
18002559,0.0
18002560,0.0
18002561,0.0
18002565,0.0
18002566,0.0
18002567,0.0
18002603,0.0
18002604,0.0
18002605,0.0
18002606,0.0
18003239,0.142
18003240,0.118
18003241,0.122
18003242,0.101
18003243,0.097
18003264,0.13
18003265,0.109
18003266,0.149
18003283,0.152
18003284,0.123
18003285,0.131
18003286,0.146
18003287,0.097
18003288,0.13
18003289,0.125
18003306,0.099
18003307,0.108
18003308,0.15
18003309,0.12
18003310,0.104
18003311,0.144
18003312,0.095
18003313,0.122
18003314,0.163
18003315,0.092
18003316,0.104
18003327,0.092
18003328,0.108
18003329,0.113
18003330,0.097
18003331,0.095
18003332,0.081
18003333,0.093
18003267,0.096
18003268,0.109
18003273,0.113
18003274,0.124
18003275,0.094
18003276,0.135
18003277,0.13
18003278,0.139
18003282,0.101
18003290,0.119
18003292,0.103
18003293,0.196
18003294,0.161
18003295,0.144
18003296,0.181
18003297,0.158
18003298,0.139
18003299,0.086
18003300,0.119
18003301,0.121
18003302,0.106
18003303,0.116
18003304,0.092
18003317,0.098
18003318,0.1
18003319,0.126
18003320,0.108
18003321,0.091
18003322,0.111
18003323,0.143
18003324,0.087
18003325,0.114
18003326,0.083
18005911,0.093
18005912,0.152
18005913,0.165
18005914,0.147
18005915,0.069
18005916,0.081
18005917,0.134
18005918,0.094
18005919,0.107
18005920,0.144
18005921,0.144
18005922,0.321
18005923,0.17
18005924,0.129
18005925,0.149
18005926,0.191
18005927,0.119
18005928,0.165
18005929,0.095
18005930,0.078
18005931,0.138
18005932,0.061
18005933,0.09
18005938,0.09
18005939,0.077
18005940,0.103
18005941,0.079
18005942,0.102
18005943,0.077
18005944,0.116
18005945,0.146
18005946,0.215
18005947,0.142
18005948,0.14
18005949,0.125
18005950,0.078
18005951,0.101
18005952,0.078
18005953,0.112
18005954,0.107
18005955,0.143
18005956,0.212
18005957,0.224
18005958,0.18
18005959,0.205
18005963,0.092
18005964,0.128
18005965,0.087
18005974,0.11
18005975,0.063
18005976,0.09
18005980,0.175
18005981,0.215
18005982,0.152
18005983,0.167
18005984,0.158
18005985,0.103
18005986,0.078
18005987,0.088
18005988,0.063
18005934,0.097
18005935,0.105
18005936,0.119
18005937,0.094
18005960,0.136
18005961,0.059
18005962,0.068
18005966,0.137
18005967,0.069
18005968,0.075
18005969,0.173
18005970,0.089
18005971,0.121
18005972,0.121
18005973,0.068
18005977,0.065
18005978,0.095
18005979,0.101
18006014,0.079
18006015,0.098
18006016,0.066
18006017,0.123
18006018,0.204
18006019,0.169
18006020,0.205
18006021,0.161
18006022,0.23
18006023,0.245
18006024,0.19
18006025,0.144
18006026,0.084
18006027,0.131
18006028,0.091
18006029,0.142
18006030,0.108
18006031,0.159
18006032,0.07
18006033,0.078
18006034,0.08
18006035,0.061
18006036,0.073
18006037,0.079
18006038,0.069
18006039,0.081
18006040,0.091
18006041,0.121
18006042,0.095
18006043,0.141
18006044,0.084
18006045,0.076
18006046,0.105
18006047,0.202
18006048,0.186
18006049,0.138
18006050,0.192
18006051,0.097
18006052,0.141
18006053,0.17
18006054,0.14
18006055,0.119
18006056,0.185
18006057,0.194
18006058,0.066
18006059,0.093
18006060,0.107
18006061,0.071
18006062,0.074
18006063,0.071
18006064,0.09
18006065,0.103
18006066,0.121
18006067,0.068
18006068,0.125
18006069,0.151
18006070,0.112
18006071,0.151
18006072,0.206
18006073,0.184
18006074,0.204
18006075,0.187
18006076,0.242
18006077,0.206
18006078,0.162
18006079,0.152
18006080,0.153
18006081,0.07
18006082,0.108
18006083,0.095
18006084,0.093
18006085,0.089
18006086,0.091
18006087,0.078
18006088,0.116
18006089,0.083
18006090,0.089
18006091,0.082
18006092,0.082
9502021,0.143
9502022,0.464
9502023,0.158
9502066,0.267
9502067,0.172
9502068,0.133
9502069,0.169
9502070,0.166
9502071,0.154
9502072,0.162
9502123,0.158
9502124,0.237
9502125,0.182
9502127,0.206
9502128,0.145
9502129,0.229
9502187,0.212
9502188,0.258
9502189,0.278
9502000,0.103
9502001,0.064
9502002,0.083
9502003,0.064
9502004,0.086
9502005,0.044
9502006,0.142
9502007,0.044
9502008,0.109
9502009,0.043
9502010,0.053
9502011,0.053
9502012,0.627
9502013,0.122
9502014,0.074
9502015,0.077
9502016,0.115
9502017,0.067
9502018,0.119
9502019,0.092
9502020,0.126
9502024,0.099
9502025,0.109
9502026,0.07
9502027,0.046
9502028,0.074
9502029,0.051
9502030,0.119
9502031,0.113
9502032,0.088
9502033,0.117
9502034,0.073
9502035,0.033
9502036,0.053
9502037,0.068
9502038,0.11
9502039,0.033
9502040,0.137
9502050,0.051
9502051,0.07
9502052,0.036
9502053,0.054
9502054,0.083
9502055,0.055
9502056,0.114
9502057,0.053
9502058,0.111
9502059,0.079
9502060,0.071
9502061,0.145
9502062,0.104
9502063,0.116
9502064,0.14
9502065,0.335
9502073,0.244
9502074,0.151
9502075,0.131
9502076,0.072
9502077,0.358
9502078,0.093
9502079,0.137
9502080,0.074
9502081,0.068
9502082,0.075
9502083,0.056
9502084,0.04
9502085,0.086
9502086,0.184
9502087,0.069
9502108,0.213
9502109,0.076
9502110,0.093
9502111,0.336
9502112,0.0
9502113,0.274
9502114,0.295
9502115,0.378
9502116,0.558
9502117,0.197
9502118,0.217
9502119,0.191
9502120,0.283
9502121,0.206
9502122,0.251
9502126,0.159
9502130,0.334
9502131,0.268
9502132,0.485
9502133,0.0
9502134,0.0
9502135,0.0
9502136,0.0
9502137,0.0
9502138,0.0
9502139,0.0
9502140,0.0
9502141,0.0
9502142,0.0
9502143,0.0
9502174,0.0
9502175,0.0
9502176,0.0
9502177,0.0
9502178,0.0
9502179,0.0
9502180,0.0
9502181,0.0
9502182,0.0
9502183,0.0
9502184,0.0
9502185,0.0
9502186,0.0
9502190,0.0
9502198,0.0
9502199,0.0
9502200,0.0
9502201,0.0
9502202,0.0
9502203,0.0
9502204,0.0
9502205,0.0
9502206,0.0
9502207,0.0
9502208,0.0
9502209,0.0
9502248,0.0
9502249,0.0
9502250,0.0
9502251,0.0
9502252,0.0
9502253,0.0
9502254,0.0
9502255,0.0
9502256,0.0
9502268,0.0
9502269,0.0
9502270,0.0
9502271,0.0
9502272,0.0
9502288,0.0
9502289,0.0
9502041,0.122
9502042,0.109
9502043,0.077
9502047,0.05
9502048,0.142
9502049,0.047
9502088,0.041
9502089,0.085
9502090,0.158
9502091,0.12
9502103,0.091
9502104,0.091
9502105,0.099
9502106,0.081
9502107,0.086
9502144,0.439
9502145,0.583
9502146,0.103
9502147,0.077
9502148,0.071
9502149,0.114
9502167,0.066
9502168,0.415
9502169,0.616
9502170,0.166
9502171,0.592
9502172,0.467
9502173,0.345
9502197,0.443
9502210,0.418
9502211,0.538
9502212,0.422
9502213,0.54
9502214,0.614
9502240,1.082
9502241,0.757
9502242,0.461
9502243,0.611
9502244,0.496
9502245,0.358
9502246,0.406
9502247,0.336
9502257,0.138
9502258,0.103
9502264,0.115
9502265,0.256
9502266,0.113
9502267,0.154
9502290,0.172
9502292,0.157
9502293,0.232
9502297,0.203
9502307,0.189
9502193,0.0
9502194,0.0
9502195,0.0
9502196,0.0
9502215,0.0
9502216,0.0
9502217,0.0
9502238,0.0
9502239,0.0
9502259,0.0
9502260,0.0
9502291,0.0
9502298,0.0
9502299,0.0
9502300,0.0
9502301,0.0
9502302,0.0
9502303,0.0
9502304,0.0
9502305,0.0
9502306,0.0
